campaign,N,campaign_duration,target_dana,progress,p1,p2,p3,p4,p5
donors_20251221_202932.json,36,24,40900000.0,0.007212713936430318,0.8611111111111112,0.08333333333333333,0.05555555555555555,0.0,0.0
donors_20251221_202957.json,50,10,100000000.0,0.03244,0.72,0.12,0.08,0.06,0.02
donors_20251221_203035.json,416,598,426000000.0,0.016213615023474178,0.7139423076923077,0.18509615384615385,0.0673076923076923,0.021634615384615384,0.01201923076923077
donors_20251221_203213.json,1675,740,500000000.0,0.082424,0.7438805970149254,0.04477611940298507,0.19044776119402984,0.014925373134328358,0.005970149253731343
donors_20251221_203249.json,253,4411,300000000.0,0.014705286666666666,0.7747035573122529,0.09090909090909091,0.05928853754940711,0.05928853754940711,0.015810276679841896
