campaign,N,p1,campaign_duration,target_dana,ev_actual,ev_predicted,error_absolute,error_percentage
donors_20251221_202932.json,36,0.8611111111111112,24,40900000,240350,498374.53308760433,258024.53308760433,107.35366469215907
donors_20251221_202957.json,50,0.72,10,100000000,1024100,1091680.7449496626,67580.74494966259,6.599037686716394
donors_20251221_203035.json,416,0.7139423076923077,598,426000000,6156950,9820750.540733349,3663800.5407333486,59.50674507237104
donors_20251221_203213.json,1675,0.7438805970149254,740,500000000,25828599.999999993,35121407.78044986,9292807.780449867,35.978751385866325
donors_20251221_203249.json,253,0.7747035573122529,4411,300000000,4463099.999999999,6021943.062728243,1558843.0627282439,34.92736131227721
