campaign,N,p1,campaign_duration,target_dana,ev_actual,ev_predicted,error_absolute,error_percentage
donors_20251221_202932.json,36,0.8611111111111112,24,40900000,240350,881949.6804065643,641599.6804065643,266.9439069717347
donors_20251221_202957.json,50,0.72,10,100000000,1024100,1228348.8164175306,204248.81641753064,19.944225799973697
donors_20251221_203035.json,416,0.7139423076923077,598,426000000,6156950,10302386.705986124,4145436.7059861235,67.32938721259916
donors_20251221_203213.json,1675,0.7438805970149254,740,500000000,25828599.999999993,38226776.0942967,12398176.094296709,48.00173487644205
donors_20251221_203249.json,253,0.7747035573122529,4411,300000000,4463099.999999999,6776756.702321273,2313656.702321274,51.83967875067273
